"when","city","district","firearea","prec","minhumi","maxtemp","maxwindv"
"2019-04-22 12:00:00","강원","화천","0.09","0.0","17.5","29.2","2.3"
"2019-04-20 12:00:00","강원","춘천","0.03",0,"39.0","20.8","4.4"
"2019-04-17 13:00:00","강원","영월","0.2",0,"11.0","23.1","3.5"
"2019-04-16 16:00:00","강원","홍천","0.08",0,"13.0","22.9","3.2"
"2019-04-12 13:00:00","강원","양구","0.3","0.0","15.1","18.4","3.7"
"2019-04-08 14:00:00","강원","인제","0.5",0,"13.0","16.4","4.6"
"2019-04-07 10:00:00","강원","영월","0.3",0,"16.0","20.0","2.3"
"2019-04-04 23:00:00","강원","강릉","1260",0,"15.0","19.0","8.6"
"2019-04-04 16:00:00","강원","원주","0.5",0,"19.0","16.8","3.9"
"2019-04-04 14:00:00","강원","인제","345",0,"20.0","15.5","6.4"
"2019-04-04 13:00:00","강원","횡성","0.05","0.0","24.2","17.9","5.6"
"2019-04-03 14:00:00","강원","횡성","0.7","0.0","25.4","15.2","5.3"
"2019-04-01 19:00:00","강원","홍천","0.02",0,"17.0","11.0","4.7"
"2019-03-17 12:00:00","강원","속초","1",0,"38.0","9.7","4.1"
"2019-03-13 18:00:00","강원","춘천","0.02",0,"13.0","8.6","5.7"
"2019-03-13 10:00:00","강원","강릉","0.01",0,"12.0","9.1","8.4"
"2019-03-12 15:00:00","강원","춘천","0.1","1.3","27.0","6.8","6.0"
"2019-03-09 07:00:00","강원","강릉","0.1",0,"7.0","17.0","5.7"
"2019-03-08 17:00:00","강원","홍천","0.02",0,"22.0","13.6","2.9"
"2019-03-06 13:00:00","강원","강릉","0.06",0,"27.0","14.3","4.1"
"2019-03-04 13:00:00","강원","횡성","0.1","0.0","25.6","16.2","3.3"
"2019-03-04 12:00:00","강원","홍천","0.6",0,"18.0","16.4","2.3"
"2019-03-03 11:00:00","강원","원주","0.1",0,"15.0","14.2","1.5"
"2019-03-02 16:00:00","강원","화천","0.4","0.0","15.3","15.5","2.1"
"2019-03-02 14:00:00","강원","춘천","0.02",0,"19.0","15.0","1.5"
"2019-02-27 14:00:00","강원","춘천","1",0,"27.0","14.1","2.5"
"2019-02-27 11:00:00","강원","평창","0.1","0.0","36.8","11.1","3.7"
"2018-04-21 21:00:00","강원","원주","0.5",0,"11.0","28.1","2.7"
"2018-04-21 16:00:00","강원","춘천","0.5",0,"9.0","28.0","4.7"
"2018-04-21 11:00:00","강원","인제","3",0,"12.0","27.7","4.4"
"2018-04-21 10:00:00","강원","화천","0.15","0.0","9.2","29.9","3.0"
"2018-04-20 13:00:00","강원","평창","0.08","0.0","18.4","28.8","3.3"
"2018-04-19 19:00:00","강원","양양","13.08","0.0","10.1","26.0","6.9"
"2018-04-13 12:00:00","강원","춘천","0.02",0,"18.0","19.0","3.8"
"2018-04-09 14:00:00","강원","삼척","0.3","0.0","29.5","12.1","3.5"
"2018-04-01 13:00:00","강원","철원","0.1",0,"47.0","19.9","4.2"
"2018-03-25 21:00:00","강원","삼척","0.2","0.0","14.4","22.3","3.4"
"2018-03-25 19:00:00","강원","원주","0.3",0,"19.0","17.7","2.2"
"2018-03-22 14:00:00","강원","춘천","1.1",0,"24.0","14.3","3.0"
"2018-03-14 14:00:00","강원","춘천","0.2",0,"43.0","21.5","3.4"
"2018-02-19 15:00:00","강원","원주","0.5",0,"26.0","6.6","1.2"
"2018-02-16 14:00:00","강원","평창","0.5","0.0","16.5","5.4","3.3"
"2018-02-12 12:00:00","강원","횡성","0.1","0.0","34.8","-1.2","5.8"
"2018-02-11 21:00:00","강원","삼척","76.46","0.0","10.1","-0.3","5.5"
"2018-02-11 16:00:00","강원","삼척","161.14","0.0","10.1","-0.3","5.5"
"2018-02-11 13:00:00","강원","영월","0.2",0,"20.0","-2.9","7.2"
"2018-02-09 06:00:00","강원","춘천","0.01",0,"34.0","3.1","1.6"
"2018-02-08 15:00:00","강원","양구","0.06","0.0","22.7","0.4","4.3"
"2018-02-01 13:00:00","강원","홍천","0.02",0,"21.0","1.9","1.8"
"2017-04-29 18:00:00","강원","춘천","0.5",0,"17.0","24.5","5.3"
"2017-04-29 15:00:00","강원","춘천","0.01",0,"17.0","24.5","5.3"
"2017-04-29 12:00:00","강원","춘천","0.02",0,"17.0","24.5","5.3"
"2017-04-28 14:00:00","강원","홍천","0.1",0,"15.0","23.3","5.0"
"2017-04-26 15:00:00","강원","홍천","0.2",0,"10.0","20.3","4.6"
"2017-04-24 13:00:00","강원","강릉","0.3",0,"9.0","26.0","5.5"
"2017-04-23 15:00:00","강원","속초","0.01",0,"19.0","21.2","6.0"
"2017-04-23 14:00:00","강원","양구","0.12","0.0",0,"21.8","7.0"
"2017-04-23 13:00:00","강원","영월","0.2",0,"18.0","21.1","4.4"
"2017-04-23 03:00:00","강원","횡성","0.06","0.0",0,"22.6","4.4"
"2017-04-13 11:00:00","강원","춘천","0.35",0,"18.0","19.1","4.4"
"2017-04-12 08:00:00","강원","철원","0.01",0,"10.0","15.4","6.1"
"2017-04-10 16:00:00","강원","철원","0.01",0,"6.0","21.1","4.8"
"2017-04-10 11:00:00","강원","원주","0.2",0,"5.0","20.7","3.8"
"2017-04-08 13:00:00","강원","영월","0.3",0,"29.0","24.1","2.9"
"2017-04-04 19:00:00","강원","철원","0.1",0,"15.0","20.6","3.8"
"2017-03-30 15:00:00","강원","홍천","0.51",0,"16.0","18.9","2.7"
"2017-03-30 15:00:00","강원","춘천","0.01",0,"23.0","18.7","2.5"
"2017-03-23 13:00:00","강원","횡성","0.5","0.0",0,"15.6","3.6"
"2017-03-22 17:00:00","강원","화천","0.15","0.0",0,"14.9","2.7"
"2017-03-22 16:00:00","강원","인제","0.01",0,"16.0","12.8","4.2"
"2017-03-19 18:00:00","강원","춘천","0.05",0,"16.0","19.0","2.6"
"2017-03-19 14:00:00","강원","영월","0.2",0,"10.0","19.0","2.5"
"2017-03-19 10:00:00","강원","화천","1.5","0.0",0,"18.4","2.9"
"2017-03-19 10:00:00","강원","평창","0.3","0.0",0,"17.4","2.8"
"2017-03-18 16:00:00","강원","원주","0.03",0,"12.0","15.5","3.3"
"2017-03-17 13:00:00","강원","철원","0.1",0,"14.0","15.1","3.6"
"2017-03-15 11:00:00","강원","춘천","0.05",0,"19.0","12.6","2.4"
"2017-03-14 15:00:00","강원","홍천","0.5",0,"20.0","11.3","4.2"
"2017-03-14 12:00:00","강원","춘천","0.3",0,"22.0","12.0","3.6"
"2017-03-14 12:00:00","강원","화천","0.1","0.0",0,"12.3","4.2"
"2017-03-13 15:00:00","강원","영월","0.3",0,"20.0","13.8","2.7"
"2017-03-12 17:00:00","강원","춘천","0.3",0,"37.0","13.4","3.8"
"2017-03-11 16:00:00","강원","홍천","0.05",0,"12.0","15.3","1.8"
"2017-03-11 14:00:00","강원","양구","0.3","0.0",0,"14.8","3.6"
"2017-03-10 21:00:00","강원","홍천","0.2",0,"14.0","11.3","3.6"
"2017-03-10 12:00:00","강원","삼척","0.1","0.0",0,"9.6","3.4"
"2017-03-10 11:00:00","강원","춘천","0.01",0,"19.0","12.3","3.3"
"2017-03-09 10:00:00","강원","강릉","160.41",0,"23.0","10.3","5.9"
"2017-03-03 21:00:00","강원","홍천","0.01",0,"32.0","9.3","2.6"
"2017-02-28 13:00:00","강원","원주","0.1",0,"22.0","10.7","2.3"
"2017-02-28 10:00:00","강원","홍천","0.2",0,"21.0","12.2","2.6"
"2017-02-22 09:00:00","강원","강릉","0.01",0,"42.0","8.5","2.7"
"2017-02-21 11:00:00","강원","강릉","0.03",0,"32.0","6.1","4.4"
"2016-04-30 19:00:00","강원","강릉","0.03",0,"26.0","23.9","6.8"
"2016-04-26 12:00:00","강원","인제","0.09",0,"25.0","22.0","5.6"
"2016-04-24 10:00:00","강원","삼척","0.37","0.0",0,"16.7","4.0"
"2016-04-16 15:00:00","강원","삼척","0.2","0.0",0,"23.9","5.2"
"2016-04-11 12:00:00","강원","춘천","0.7",0,"19.0","18.4","2.6"
"2016-04-06 19:00:00","강원","홍천","0.8",0,"10.0","23.7","2.1"
"2016-04-06 15:00:00","강원","원주","0.05",0,"7.0","22.9","3.8"
"2016-04-04 17:00:00","강원","화천","0.01","0.0",0,"20.0","4.3"
"2016-04-02 19:00:00","강원","평창","4.6","0.0",0,"22.7","5.4"
"2016-04-02 15:00:00","강원","영월","1",0,"10.0","23.6","3.5"
"2016-04-02 14:00:00","강원","홍천","3.9",0,"13.0","23.2","5.1"
"2016-04-01 16:00:00","강원","횡성","0.5","0.0",0,"25.1","2.7"
"2016-04-01 12:00:00","강원","양구","14.4","0.0",0,"25.3","3.3"
"2016-04-01 11:00:00","강원","평창","0.2","0.0",0,"23.9","2.5"
"2016-04-01 10:00:00","강원","철원","0.2",0,"11.0","23.2","2.8"
"2016-03-31 12:00:00","강원","화천","1.5","0.0",0,"22.4","3.9"
"2016-03-28 18:00:00","강원","원주","0.03",0,"13.0","16.6","2.4"
"2016-03-28 13:00:00","강원","철원","2",0,"18.0","15.7","3.5"
"2016-03-27 11:00:00","강원","화천","0.3","0.0",0,"15.1","3.5"
"2016-03-24 13:00:00","강원","원주","0.09",0,"19.0","11.8","2.2"
"2016-03-23 16:00:00","강원","원주","0.03",0,"22.0","13.1","4.7"
"2016-03-18 13:00:00","강원","춘천","0.6",0,"33.0","20.1","2.1"
"2016-03-17 12:00:00","강원","홍천","0.1",0,"7.0","16.3","2.6"
"2016-03-17 12:00:00","강원","강릉","0.6",0,"11.0","21.1","5.7"
"2016-03-16 13:00:00","강원","횡성","0.04","0.0",0,"15.4","3.9"
"2016-03-16 11:00:00","강원","영월","0.02",0,"14.0","15.0","3.7"
"2016-03-15 17:00:00","강원","화천","0.1","0.0",0,"13.2","3.1"
"2016-03-04 17:00:00","강원","철원","0.1",0,"26.0","18.2","2.7"
"2016-03-04 13:00:00","강원","춘천","0.03",0,"38.0","18.7","2.3"
"2016-03-02 18:00:00","강원","강릉","0.1",0,"30.0","9.2","7.3"
"2016-02-26 15:00:00","강원","영월","0.05",0,"16.0","6.6","4.5"
"2016-02-26 14:00:00","강원","춘천","0.01",0,"19.0","6.9","4.3"
"2016-02-23 17:00:00","강원","화천","0.03","0.0",0,"5.9","4.7"
"2016-02-23 13:00:00","강원","양구","0.5","0.0",0,"5.6","4.1"
"2016-02-23 13:00:00","강원","인제","1",0,"24.0","5.7","4.1"
"2016-02-18 23:00:00","강원","동해","0.8",0,"33.0","10.5","4.4"
"2016-02-10 13:00:00","강원","춘천","0.02",0,"18.0","9.3","1.5"
"2016-02-08 13:00:00","강원","횡성","3","0.0",0,"4.0","5.3"
"2016-02-05 15:00:00","강원","횡성","0.8","0.0",0,"3.6","3.0"
"2016-02-04 13:00:00","강원","춘천","1",0,"22.0","5.5","4.4"
"2016-02-04 11:00:00","강원","원주","0.05",0,"20.0","5.7","2.7"
"2016-02-01 17:00:00","강원","홍천","0.3",0,"17.0","0.2","3.0"
"2016-02-01 14:00:00","강원","원주","0.01",0,"19.0","-0.1","2.3"
"2015-04-29 21:00:00","강원","양구","1.7","0.0",0,"22.3","3.2"
"2015-04-28 13:00:00","강원","홍천","4.6",0,"11.0","26.8","2.1"
"2015-04-26 19:00:00","강원","강릉","0.2",0,"12.0","30.3","6.0"
"2015-04-26 12:00:00","강원","화천","0.2","0.0",0,"27.2","3.6"
"2015-04-23 14:00:00","강원","인제","1",0,"16.0","21.4","5.4"
"2015-04-13 10:00:00","강원","화천","0.3","0.0",0,"14.7","4.8"
"2015-04-12 16:00:00","강원","철원","0.2",0,"14.0","21.1","7.1"
"2015-04-12 07:00:00","강원","원주","0.06",0,"20.0","20.2","4.7"
"2015-04-03 14:00:00","강원","인제","0.01",0,"43.0","19.7","5.4"
"2015-03-30 13:00:00","강원","춘천","0.1",0,"23.0","22.3","3.9"
"2015-03-29 14:00:00","강원","춘천","0.03",0,"19.0","19.8","2.2"
"2015-03-29 13:00:00","강원","원주","0.05",0,"23.0","18.1","2.7"
"2015-03-28 14:00:00","강원","평창","11.1","0.0",0,"17.5","5.4"
"2015-03-27 21:00:00","강원","양양","0.03","0.0",0,"21.1","6.3"
"2015-03-26 14:00:00","강원","원주","1.5",0,"20.0","17.3","3.4"
"2015-03-26 11:00:00","강원","삼척","0.8","0.0",0,"15.0","3.6"
"2015-03-25 20:00:00","강원","춘천","0.05",0,"17.0","15.2","2.9"
"2015-03-25 18:00:00","강원","홍천","4.8",0,"9.0","14.4","2.5"
"2015-03-25 17:00:00","강원","평창","0.6","0.0",0,"13.1","2.5"
"2015-03-25 16:00:00","강원","원주","0.06",0,"17.0","14.1","2.9"
"2015-03-25 15:00:00","강원","삼척","0.8","0.0",0,"11.3","5.0"
"2015-03-25 13:00:00","강원","홍천","0.1",0,"9.0","14.4","2.5"
"2015-03-24 16:00:00","강원","홍천","0.2",0,"5.0","12.6","3.0"
"2015-03-23 13:00:00","강원","홍천","37.1",0,"10.0","10.6","5.4"
"2015-03-23 12:00:00","강원","인제","3",0,"14.0","9.0","4.2"
"2015-03-23 09:00:00","강원","철원","0.1",0,"11.0","9.2","5.3"
"2015-03-22 16:00:00","강원","홍천","10.8",0,"7.0","16.2","5.8"
"2015-03-22 14:00:00","강원","횡성","0.3","0.0",0,"16.5","5.9"
"2015-03-22 14:00:00","강원","화천","67.3","0.0",0,"15.4","7.4"
"2015-03-22 13:00:00","강원","영월","0.1",0,"11.0","15.4","8.0"
"2015-03-21 13:00:00","강원","화천","0.3","0.0",0,"19.2","4.0"
"2015-03-20 14:00:00","강원","홍천","0.1",0,"8.0","21.4","3.3"
"2015-03-19 15:00:00","강원","화천","0.02","0.0",0,"21.7","2.6"
"2015-03-17 16:00:00","강원","삼척","1.92","0.0",0,"18.6","4.6"
"2015-03-16 15:00:00","강원","태백","0.5",0,"8.0","17.4","3.7"
"2015-03-15 14:00:00","강원","동해","1.5",0,"30.0","12.9","3.9"
"2015-03-15 10:00:00","강원","양구","0.2","0.0",0,"12.3","5.2"
"2015-03-14 14:00:00","강원","홍천","0.8",0,"13.0","11.5","2.7"
"2015-03-14 13:00:00","강원","양구","0.07","0.0",0,"11.0","4.7"
"2015-03-14 11:00:00","강원","강릉","0.02",0,"28.0","8.7","3.7"
"2015-03-11 18:00:00","강원","홍천","0.03","0.0","17.0","5.3","6.2"
"2015-03-11 17:00:00","강원","강릉","0.1",0,"14.0","6.5","6.9"
"2015-03-09 14:00:00","강원","춘천","0.4",0,"25.0","8.8","5.8"
"2015-03-09 14:00:00","강원","춘천","0.01",0,"25.0","8.8","5.8"
"2015-03-08 14:00:00","강원","강릉","0.1",0,"24.0","13.0","5.1"
"2015-03-08 10:00:00","강원","횡성","0.1","0.0",0,"15.6","2.8"
"2015-03-07 13:00:00","강원","춘천","0.2",0,"18.0","12.5","3.2"
"2015-03-02 16:00:00","강원","인제","0.01",0,"25.0","8.0","4.2"
"2015-02-26 14:00:00","강원","원주","0.2",0,"29.0","7.7","6.0"
"2015-02-12 11:00:00","강원","영월","1",0,"22.0","3.0","6.4"
"2015-02-08 13:00:00","강원","삼척","52","0.0",0,"3.6","6.6"
"2015-02-01 16:00:00","강원","춘천","0.1",0,"29.0","3.1","1.3"
"2014-04-27 15:00:00","강원","양양","0.01","0.0",0,"21.8","3.6"
"2014-04-26 15:00:00","강원","양구","0.1","0.0",0,"24.2","5.3"
"2014-04-26 13:00:00","강원","영월","0.1",0,"25.0","24.2","3.0"
"2014-04-26 10:00:00","강원","평창","0.3","0.0",0,"23.5","3.0"
"2014-04-25 20:00:00","강원","화천","0.1",0,0,"26.2","4.1"
"2014-04-25 14:00:00","강원","양양","0.04","0.0",0,"25.4","3.6"
"2014-04-25 10:00:00","강원","삼척","0.5","0.0",0,"22.7","3.9"
"2014-04-24 18:00:00","강원","영월","0.9",0,"18.0","26.5","3.1"
"2014-04-24 18:00:00","강원","춘천","0.06",0,"17.0","25.8","3.1"
"2014-04-24 15:00:00","강원","춘천","0.05",0,"17.0","25.8","3.1"
"2014-04-24 12:00:00","강원","영월","1",0,"18.0","26.5","3.1"
"2014-04-24 12:00:00","강원","횡성","0.4","0.0",0,"25.5","3.7"
"2014-04-24 10:00:00","강원","홍천","2.5",0,"12.0","25.5","3.3"
"2014-04-23 13:00:00","강원","춘천","0.03",0,"19.0","24.9","2.6"
"2014-04-22 14:00:00","강원","홍천","0.2",0,"13.0","22.6","2.9"
"2014-04-22 10:00:00","강원","인제","0.05",0,"17.0","21.3","3.1"
"2014-04-21 13:00:00","강원","영월","0.1",0,"21.0","22.0","4.0"
"2014-04-20 13:00:00","강원","홍천","0.2",0,"24.0","21.3","3.2"
"2014-04-17 19:00:00","강원","춘천","0.03",0,"36.0","21.6","3.4"
"2014-04-16 22:00:00","강원","춘천","0.09",0,"58.0","20.2","3.6"
"2014-04-13 14:00:00","강원","홍천","0.1","0.0","14.0","24.5","3.5"
"2014-04-12 14:00:00","강원","양구","0.2","0.0",0,"19.6","4.0"
"2014-04-11 16:00:00","강원","원주","0.1",0,"38.0","20.4","4.2"
"2014-04-11 14:00:00","강원","춘천","0.01",0,"25.0","21.9","2.5"
"2014-04-10 15:00:00","강원","철원","0.03",0,"21.0","20.1","3.0"
"2014-04-10 13:00:00","강원","양구","0.05","0.0",0,"18.7","3.6"
"2014-04-09 14:00:00","강원","영월","1.42",0,"22.0","23.4","4.0"
"2014-04-01 13:00:00","강원","횡성","0.2","0.0",0,"22.9","2.5"
"2014-03-27 18:00:00","강원","평창","0.15","0.0",0,"21.4","3.2"
"2014-03-27 17:00:00","강원","홍천","0.2",0,"14.0","23.1","2.7"
"2014-03-27 15:00:00","강원","철원","0.03",0,"21.0","21.3","3.6"
"2014-03-24 19:00:00","강원","양양","0.3","0.0",0,"18.3","7.4"
"2014-03-24 16:00:00","강원","홍천","0.2",0,"15.0","17.5","4.2"
"2014-03-11 16:00:00","강원","원주","0.06",0,"24.0","11.5","3.0"
"2014-03-10 10:00:00","강원","화천","0.12","0.0",0,"9.2","3.4"
"2014-03-07 15:00:00","강원","홍천","0.2",0,"12.0","5.1","5.0"
"2014-03-07 13:00:00","강원","춘천","0.05",0,"21.0","5.0","6.0"
"2014-03-07 11:00:00","강원","영월","2",0,"16.0","5.4","5.9"
"2014-03-05 15:00:00","강원","춘천","0.01",0,"18.0","6.1","5.2"
"2014-03-03 14:00:00","강원","원주","0.06",0,"19.0","11.3","3.5"
"2014-03-03 11:00:00","강원","원주","0.1",0,"19.0","11.3","3.5"
"2014-02-27 12:00:00","강원","횡성","0.25","0.0",0,"14.5","3.7"
"2014-02-04 19:00:00","강원","양양","0.5","0.0",0,"-0.3","6.0"
"2013-04-30 12:00:00","강원","삼척","0.8","0.0",0,"20.8","4.4"
"2013-04-29 09:00:00","강원","태백","0.07",0,"29.0","15.8","7.4"
"2013-04-27 11:00:00","강원","양양","0.3","0.0",0,"16.2","4.3"
"2013-04-19 11:00:00","강원","홍천","0.1",0,"9.0","15.2","2.8"
"2013-04-18 18:00:00","강원","홍천","0.1",0,"15.0","17.6","4.0"
"2013-04-01 14:00:00","강원","춘천","0.01",0,"19.0","14.6","1.6"
"2013-03-28 02:00:00","강원","강릉","0.02",0,"21.0","17.9","6.3"
"2013-03-27 16:00:00","강원","홍천","0.1",0,"10.0","16.6","4.3"
"2013-03-27 14:00:00","강원","춘천","4",0,"10.0","16.7","3.1"
"2013-03-23 14:00:00","강원","원주","0.1",0,"27.0","14.1","2.7"
"2013-03-16 12:00:00","강원","양양","0.2","0.0",0,"15.2","8.3"
"2013-03-11 12:00:00","강원","양구","0.1","0.0",0,"11.4","4.2"
"2013-03-09 13:00:00","강원","춘천","0.3",0,"20.0","21.8","5.7"
"2013-03-08 12:00:00","강원","양양","1","0.0",0,"16.8","9.5"
"2013-03-06 15:00:00","강원","춘천","0.05",0,"22.0","13.1","2.6"
"2013-03-04 12:00:00","강원","삼척","0.2","0.0",0,"8.6","3.9"
"2013-02-28 12:00:00","강원","삼척","0.02","0.0",0,"12.7","5.6"
"2012-04-30 10:00:00","강원","춘천","0.01",0,"23.0","30.1","4.3"
"2012-04-24 14:00:00","강원","동해","0.01",0,"26.0","24.7","4.6"
"2012-04-20 17:00:00","강원","영월","0.05",0,"31.0","22.9","4.4"
"2012-04-19 15:00:00","강원","횡성","1.5","0.0",0,"24.3","4.0"
"2012-04-19 14:00:00","강원","홍천","11",0,"8.0","25.0","3.6"
"2012-04-18 16:00:00","강원","철원","0.15",0,"20.0","21.3","3.2"
"2012-04-17 15:00:00","강원","영월","0.1",0,"23.0","20.8","2.9"
"2012-04-15 20:00:00","강원","삼척","0.03","0.0",0,"21.7","4.9"
"2012-04-15 15:00:00","강원","평창","0.12","0.0",0,"23.4","4.1"
"2012-04-09 16:00:00","강원","춘천","0.02",0,"12.0","24.2","2.7"
"2012-03-30 17:00:00","강원","양구","0.1","0.0",0,"16.2","5.6"
"2012-03-12 15:00:00","강원","횡성","0.1","0.0",0,"4.6","4.0"
"2012-02-28 14:00:00","강원","양구","0.06","0.0",0,"5.9","2.3"
"2012-02-16 14:00:00","강원","원주","0.1",0,"14.0","3.0","5.3"
"2011-04-20 14:00:00","강원","횡성","0.6","0.0","25.0","18.2","5.3"
"2011-04-17 14:00:00","강원","횡성","0.2",0,"19.6","20.8","5.2"
"2011-04-17 12:00:00","강원","인제","0.3",0,"19.0","20.1","4.8"
"2011-04-16 18:00:00","강원","춘천","0.1",0,"12.0","20.1","1.9"
"2011-04-13 23:00:00","강원","춘천","0.5",0,"21.0","19.6","4.4"
"2011-04-13 16:00:00","강원","영월","0.15",0,"14.0","20.1","3.7"
"2011-04-13 16:00:00","강원","삼척","0.2","0.0","12.3","23.8","4.9"
"2011-04-13 15:00:00","강원","양양","4","0.0","13.5","19.6","7.8"
"2011-04-10 12:00:00","강원","화천","0.1","0.0","26.3","18.7","4.7"
"2011-04-09 12:00:00","강원","양구","0.03","0.0","10.6","18.3","3.8"
"2011-04-09 12:00:00","강원","양구","0.04","0.0","10.6","18.3","3.8"
"2011-04-06 16:00:00","강원","강릉","0.1",0,"11.0","21.0","5.6"
"2011-04-06 14:00:00","강원","철원","0.2",0,"15.0","16.5","5.3"
"2011-04-05 11:00:00","강원","춘천","0.1",0,"13.0","19.4","2.6"
"2011-04-01 14:00:00","강원","삼척","0.5","0.0","9.8","21.3","3.9"
"2011-03-24 13:00:00","강원","화천","0.7","0.0","21.1","9.1","5.5"
"2011-03-18 12:00:00","강원","홍천","0.2",0,"13.0","13.5","3.9"
"2011-03-14 19:00:00","강원","영월","0.1",0,"49.0","14.9","2.9"
"2011-03-11 13:00:00","강원","횡성","0.1","0.0","16.6","10.4","6.7"
"2011-03-09 17:00:00","강원","춘천","0.3",0,"20.0","5.1","4.7"
"2011-03-09 13:00:00","강원","영월","0.32",0,"17.0","5.2","4.7"
"2011-02-26 16:00:00","강원","원주","0.03",0,"22.0","13.5","3.3"
"2011-02-12 07:00:00","강원","원주","0.3",0,"31.0","-0.3","3.9"
"2011-02-11 17:00:00","강원","홍천","0.3",0,"25.0","4.6","2.6"
"2011-02-01 21:00:00","강원","강릉","0.2",0,"22.0","8.1","6.1"
"2010-04-17 13:00:00","강원","홍천","0.01",0,"25.0","14.7","4.3"
"2010-04-13 10:00:00","강원","강릉","0.8",0,"22.0","12.0","8.5"
"2010-04-11 19:00:00","강원","춘천","0.1",0,"15.0","20.5","3.5"
"2010-04-11 12:00:00","강원","평창","0.3","0.0","0.0","17.5","4.5"
"2010-04-08 12:00:00","강원","홍천","0.1",0,"14.0","17.7","4.6"
"2010-04-04 14:00:00","강원","철원","18",0,"16.0","16.0","6.4"
"2010-04-04 11:00:00","강원","강릉","0.01",0,"22.0","17.7","4.3"
"2010-04-04 11:00:00","강원","홍천","0.2",0,"12.0","17.5","3.5"
"2010-03-14 13:00:00","강원","횡성","0.05","0.0","0.0","16.2","1.7"
"2010-02-07 19:00:00","강원","원주","0.06",0,"14.0","6.8","1.8"
"2010-02-07 13:00:00","강원","평창","0.1","0.0","0.0","5.6","3.5"
"2010-02-05 15:00:00","강원","평창","0.5","0.0","0.0","-0.7","5.7"
"2010-02-05 11:00:00","강원","강릉","0.03",0,"15.0","2.6","5.6"
"2009-04-19 12:00:00","강원","강릉","0.01",0,"65.0","15.6","3.0"
"2009-04-18 16:00:00","강원","영월","0.4",0,"14.0","25.8","3.3"
"2009-04-15 04:00:00","강원","횡성","0.1","0.0","0.0","12.5","4.4"
"2009-04-14 14:00:00","강원","횡성","0.1","0.0","0.0","20.8","2.2"
"2009-04-14 14:00:00","강원","인제","0.1",0,"26.0","16.1","6.4"
"2009-04-14 04:00:00","강원","홍천","0.03","0.3","19.0","20.3","4.0"
"2009-04-13 15:00:00","강원","홍천","0.1",0,"33.0","21.9","3.4"
"2009-04-12 13:00:00","강원","인제","0.1",0,"16.0","21.1","6.1"
"2009-04-10 16:00:00","강원","춘천","0.03",0,"14.0","26.5","2.8"
"2009-04-10 15:00:00","강원","춘천","0.1",0,"14.0","26.5","2.8"
"2009-04-10 14:00:00","강원","원주","0.2",0,"11.0","25.9","3.2"
"2009-04-10 13:00:00","강원","홍천","25",0,"14.0","26.3","3.7"
"2009-04-10 13:00:00","강원","화천","1","0.0","0.0","25.9","5.4"
"2009-04-10 13:00:00","강원","강릉","3",0,"10.0","27.4","4.8"
"2009-04-10 13:00:00","강원","홍천","3",0,"14.0","26.3","3.7"
"2009-04-09 15:00:00","강원","화천","1.4","0.0","0.0","26.4","4.3"
"2009-04-08 16:00:00","강원","화천","0.4","0.0","0.0","25.5","4.2"
"2009-04-08 10:00:00","강원","양구","0.5","0.0","0.0","24.3","1.9"
"2009-04-06 12:00:00","강원","홍천","1.4",0,"19.0","19.0","3.8"
"2009-04-05 14:00:00","강원","춘천","0.1",0,"22.0","17.7","2.3"
"2009-04-05 14:00:00","강원","횡성","0.5","0.0","0.0","16.7","3.3"
"2009-04-03 14:00:00","강원","춘천","0.1",0,"20.0","16.1","4.3"
"2009-03-21 13:00:00","강원","원주","0.2",0,"11.0","23.4","4.1"
"2009-03-20 14:00:00","강원","홍천","0.3",0,"17.0","19.5","2.8"
"2009-03-06 15:00:00","강원","양양","0.5","0.0","0.0","9.6","6.5"
"2009-02-08 16:00:00","강원","인제","1.6",0,"31.0","8.4","3.6"
"2008-04-21 13:00:00","강원","인제","0.1",0,"14.0","23.7","3.3"
"2008-04-20 21:00:00","강원","영월","1",0,"15.0","25.8","7.2"
"2008-04-20 15:00:00","강원","홍천","0.1",0,"10.0","28.1","3.5"
"2008-04-19 21:00:00","강원","홍천","0.1",0,"13.0","28.5","3.4"
"2008-04-18 16:00:00","강원","춘천","0.1",0,"12.0","26.8","2.5"
"2008-04-18 13:00:00","강원","인제","1",0,"11.0","25.2","5.4"
"2008-04-15 15:00:00","강원","홍천","1",0,"15.0","25.0","2.3"
"2008-04-08 14:00:00","강원","영월","0.2",0,"11.0","24.0","4.8"
"2008-04-05 15:00:00","강원","원주","0.18",0,"21.0","20.3","3.4"
"2008-03-21 17:00:00","강원","횡성","0.15","0.0","0.0","21.2","2.2"
"2008-03-21 13:00:00","강원","홍천","0.1",0,"11.0","20.7","2.8"
"2008-02-22 14:00:00","강원","홍천","0.1",0,"36.0","10.6","4.0"
"2008-02-16 16:00:00","강원","원주","0.1",0,"18.0","0.4","4.5"
"2007-04-29 21:00:00","강원","강릉","2",0,"11.0","27.7","7.9"
"2007-04-28 22:00:00","강원","인제","0.7",0,"10.0","22.8","5.4"
"2007-04-28 14:00:00","강원","인제","0.7",0,"10.0","22.8","5.4"
"2007-03-10 10:00:00","강원","속초","0.06",0,"16.0","12.2","9.0"
"2007-03-01 13:00:00","강원","춘천","0.3",0,"21.0","14.6","1.2"
"2007-02-27 15:00:00","강원","인제","0.3",0,"35.0","12.5","7.1"
"2007-02-23 09:00:00","강원","인제","0.5",0,"21.0","9.1","5.7"
"2007-02-21 14:00:00","강원","화천","0.3","0.0","0.0","12.5","1.9"
"2007-02-06 16:00:00","강원","평창","0.2","0.0","0.0","12.2","1.3"
"2007-02-06 00:00:00","강원","강릉","0.3",0,"37.0","14.8","8.0"
"2007-02-05 08:00:00","강원","홍천","0.2",0,"42.0","8.3","1.4"
"2006-04-30 20:00:00","강원","강릉","0.2",0,"32.0","25.8","7.2"
"2006-04-28 11:00:00","강원","인제","1",0,"21.0","19.6","6.1"
"2006-04-16 16:00:00","강원","화천","0.3","0.0","0.0","13.1","6.9"
"2006-04-15 21:00:00","강원","철원","0.5",0,"10.0","16.6","4.7"
"2006-03-26 14:00:00","강원","철원","3",0,"9.0","10.6","4.4"
"2006-03-18 22:00:00","강원","강릉","0.1",0,"21.0","18.3","8.4"
"2006-03-14 19:00:00","강원","삼척","0.2","0.0","10.2","7.3","6.2"
"2006-03-12 12:00:00","강원","강릉","0.7",0,"8.0","7.6","8.6"
"2006-03-05 13:00:00","강원","강릉","0.7",0,"14.0","16.0","8.5"
"2006-02-27 03:00:00","강원","강릉","0.3",0,"33.0","3.7","4.4"
"2006-02-24 16:00:00","강원","철원","0.5",0,"12.0","9.6","1.9"
"2006-02-21 11:00:00","강원","강릉","0.4",0,"13.0","14.1","7.5"
"2006-02-20 15:00:00","강원","삼척","0.2","0.0","32.4","10.4","5.6"
"2005-04-29 16:00:00","강원","강릉","0.01",0,"22.0","22.2","6.2"
"2005-04-28 17:00:00","강원","태백","16.4",0,"27.0","26.7","7.1"
"2005-04-27 10:00:00","강원","양구","0.5","0.0","0.0","22.6","5.8"
"2005-04-26 14:00:00","강원","춘천","8",0,"19.0","22.1","5.2"
"2005-04-26 10:00:00","강원","인제","0.5",0,"22.0","20.7","6.6"
"2005-04-22 12:00:00","강원","홍천","0.1",0,"20.0","17.7","6.3"
"2005-04-16 17:00:00","강원","평창","0.3","0.0","0.0","18.6","5.1"
"2005-04-05 16:00:00","강원","횡성","0.1","0.0","0.0","22.0","3.1"
"2005-03-14 13:00:00","강원","홍천","0.3",0,"17.0","8.3","3.4"
"2005-03-09 19:00:00","강원","평창","0.5","0.0","0.0","15.9","3.6"
"2005-02-11 13:00:00","강원","홍천","0.1",0,"17.0","-1.0","3.8"
"2005-02-05 09:00:00","강원","동해","0.1",0,"22.0","4.2","4.6"
"2005-02-01 13:00:00","강원","화천","0.1","0.0","0.0","-7.2","4.4"
"2004-04-25 14:00:00","강원","평창","5","0.0","0.0","18.5","4.1"
"2004-04-23 12:00:00","강원","양구","3","0.0","0.0","17.2","3.4"
"2004-04-21 18:00:00","강원","강릉","0.02",0,"14.0","28.7","9.0"
"2004-04-18 14:00:00","강원","양구","5.4","0.0","0.0","28.0","3.2"
"2004-04-18 12:00:00","강원","인제","1",0,"10.0","28.2","3.5"
"2004-04-17 15:00:00","강원","횡성","2","0.0","0.0","26.3","3.4"
"2004-04-14 14:00:00","강원","원주","0.2",0,"11.0","25.1","4.1"
"2004-04-12 12:00:00","강원","영월","0.3",0,"19.0","24.6","5.1"
"2004-04-11 13:00:00","강원","인제","43.2",0,"12.0","22.6","4.9"
"2004-04-09 18:00:00","강원","철원","0.5",0,"23.0","20.5","6.2"
"2004-04-09 15:00:00","강원","강릉","46",0,"14.0","24.2","7.6"
"2004-04-08 15:00:00","강원","인제","1",0,"16.0","17.2","6.4"
"2004-04-06 06:00:00","강원","강릉","0.01",0,"15.0","16.0","5.4"
"2004-04-05 14:00:00","강원","인제","2",0,"21.0","15.6","6.3"
"2004-04-01 11:00:00","강원","철원","0.5",0,"12.0","15.6","6.8"
"2004-03-31 15:00:00","강원","횡성","0.05","0.0","0.0","14.3","4.6"
"2004-03-16 23:00:00","강원","강릉","430",0,"11.0","23.4","6.5"
"2004-03-12 15:00:00","강원","평창","0.03","0.0","0.0","12.3","4.6"
"2004-03-10 13:00:00","강원","속초","180",0,"23.0","18.3","9.8"
"2004-02-20 13:00:00","강원","원주","1",0,"13.0","20.2","2.9"
"2003-04-16 14:00:00","강원","인제","0.3",0,"18.0","24.0","5.4"
"2003-04-16 11:00:00","강원","철원","0.5",0,"17.0","22.9","7.0"
"2003-04-07 13:00:00","강원","홍천","1.5",0,"19.0","17.3","4.3"
"2003-04-06 13:00:00","강원","화천","3","0.0","0.0","20.5","4.3"
"2003-04-05 17:00:00","강원","원주","1.5",0,"14.0","19.2","4.3"